<code_scheme name="Default (1)">
  <MarkdownNavigatorCodeStyleSettings>
    <option name="RIGHT_MARGIN" value="72" />
  </MarkdownNavigatorCodeStyleSettings>
  <TypeScriptCodeStyleSettings>
    <option name="IMPORTS_WRAP" value="0" />
    <option name="SPACES_WITHIN_OBJECT_LITERAL_BRACES" value="true" />
    <option name="SPACES_WITHIN_IMPORTS" value="true" />
  </TypeScriptCodeStyleSettings>
  <codeStyleSettings language="Lua">
    <indentOptions>
      <option name="INDENT_SIZE" value="2" />
      <option name="CONTINUATION_INDENT_SIZE" value="4" />
      <option name="TAB_SIZE" value="2" />
      <option name="KEEP_INDENTS_ON_EMPTY_LINES" value="true" />
    </indentOptions>
  </codeStyleSettings>
  <codeStyleSettings language="TypeScript">
    <option name="KEEP_BLANK_LINES_IN_CODE" value="1" />
  </codeStyleSettings>
</code_scheme>