<application>
  <component name="DiffSettings">
    <option name="PLACES_MAP">
      <entry key="CommitDialog">
        <PlaceSettings>
          <option name="SYNC_BINARY_EDITOR_SETTINGS" value="false" />
        </PlaceSettings>
      </entry>
    </option>
  </component>
  <component name="TextDiffSettings">
    <option name="PLACES_MAP">
      <entry key="CommitDialog">
        <PlaceSettings>
          <option name="EXPAND_BY_DEFAULT" value="false" />
          <option name="IGNORE_POLICY" value="IGNORE_WHITESPACES" />
        </PlaceSettings>
      </entry>
    </option>
  </component>
</application>