<application>
  <component name="CodeFoldingSettings">
    <option name="COLLAPSE_CUSTOM_FOLDING_REGIONS" value="true" />
  </component>
  <component name="DefaultFont">
    <option name="FONT_SIZE" value="15" />
    <option name="FONT_FAMILY" value="Dank Mono" />
    <option name="LINE_SPACING" value="1.1" />
    <option name="USE_LIGATURES" value="true" />
    <option name="SECONDARY_FONT_FAMILY" value="DejaVu Sans Mono for Powerline" />
  </component>
  <component name="EditorSettings">
    <option name="languageBreadcrumbsMap">
      <map>
        <entry key="HTML" value="true" />
        <entry key="Vue" value="true" />
      </map>
    </option>
    <option name="USE_SOFT_WRAPS" value="MAIN_EDITOR" />
    <option name="STRIP_TRAILING_SPACES" value="Whole" />
    <option name="IS_ENSURE_NEWLINE_AT_EOF" value="true" />
    <option name="IS_RIGHT_MARGIN_SHOWN" value="false" />
    <option name="SHOW_BREADCRUMBS_ABOVE" value="true" />
    <option name="IS_INNER_WHITESPACES_SHOWN" value="false" />
    <option name="IS_TRAILING_WHITESPACES_SHOWN" value="false" />
    <option name="IS_CAMEL_WORDS" value="true" />
    <option name="IS_WHEEL_FONTCHANGE_ENABLED" value="true" />
  </component>
  <component name="XmlEditorOptions">
    <option name="showCssInlineColorPreview" value="true" />
    <option name="tagTreeHighlightingOpacity" value="50" />
  </component>
</application>