<application>
  <component name="LineMarkerSettings">
    <option name="providers">
      <map>
        <entry key="com.intellij.execution.lineMarker.RunLineMarkerProvider" value="true" />
        <entry key="com.intellij.lang.javascript.highlighting.JSRecursiveCallLineMarkerProvider" value="true" />
        <entry key="com.intellij.ui.ColorLineMarkerProvider" value="true" />
        <entry key="com.intellij.ws.http.request.codeInsight.HttpRequestDiffLineMarkerProvider" value="true" />
      </map>
    </option>
  </component>
</application>