<profile version="1.0">
  <option name="myName" value="Default" />
  <inspection_tool class="BadExpressionStatementJS" enabled="false" level="WARNING" enabled_by_default="false" />
  <inspection_tool class="CssUnknownTarget" enabled="false" level="ERROR" enabled_by_default="false" />
  <inspection_tool class="ES6ShorthandObjectProperty" enabled="false" level="INFORMATION" enabled_by_default="false" />
  <inspection_tool class="HtmlFormInputWithoutLabel" enabled="false" level="WARNING" enabled_by_default="false" />
  <inspection_tool class="HtmlUnknownAttribute" enabled="true" level="WARNING" enabled_by_default="true">
    <option name="myValues">
      <value>
        <list size="3">
          <item index="0" class="java.lang.String" itemvalue="scoped" />
          <item index="1" class="java.lang.String" itemvalue="v-click-outside" />
          <item index="2" class="java.lang.String" itemvalue="slot-scope" />
        </list>
      </value>
    </option>
    <option name="myCustomValuesEnabled" value="true" />
  </inspection_tool>
  <inspection_tool class="HtmlUnknownTag" enabled="false" level="WARNING" enabled_by_default="false">
    <option name="myValues">
      <value>
        <list size="6">
          <item index="0" class="java.lang.String" itemvalue="nobr" />
          <item index="1" class="java.lang.String" itemvalue="noembed" />
          <item index="2" class="java.lang.String" itemvalue="comment" />
          <item index="3" class="java.lang.String" itemvalue="noscript" />
          <item index="4" class="java.lang.String" itemvalue="embed" />
          <item index="5" class="java.lang.String" itemvalue="script" />
        </list>
      </value>
    </option>
    <option name="myCustomValuesEnabled" value="true" />
  </inspection_tool>
  <inspection_tool class="JSCheckFunctionSignatures" enabled="false" level="WEAK WARNING" enabled_by_default="false" />
  <inspection_tool class="JSMethodCanBeStatic" enabled="false" level="WARNING" enabled_by_default="false" />
  <inspection_tool class="JSPotentiallyInvalidTargetOfIndexedPropertyAccess" enabled="false" level="WARNING" enabled_by_default="false" />
  <inspection_tool class="JSPrimitiveTypeWrapperUsage" enabled="false" level="WARNING" enabled_by_default="false" />
  <inspection_tool class="JSUndefinedPropertyAssignment" enabled="false" level="WEAK WARNING" enabled_by_default="false" />
  <inspection_tool class="JSUnresolvedFunction" enabled="false" level="WEAK WARNING" enabled_by_default="false" />
  <inspection_tool class="JSUnresolvedVariable" enabled="false" level="WEAK WARNING" enabled_by_default="false" />
  <inspection_tool class="JSUnusedGlobalSymbols" enabled="false" level="WARNING" enabled_by_default="false" />
  <inspection_tool class="JSUnusedLocalSymbols" enabled="false" level="WARNING" enabled_by_default="false" />
  <inspection_tool class="JsonSchemaCompliance" enabled="false" level="WARNING" enabled_by_default="false" />
  <inspection_tool class="NodeJsCodingAssistanceForCoreModules" enabled="false" level="WARNING" enabled_by_default="false" />
  <inspection_tool class="NpmUsedModulesInstalled" enabled="false" level="WEAK WARNING" enabled_by_default="false" />
  <inspection_tool class="UnnecessaryLocalVariableJS" enabled="false" level="WARNING" enabled_by_default="false">
    <option name="m_ignoreImmediatelyReturnedVariables" value="false" />
    <option name="m_ignoreAnnotatedVariables" value="false" />
  </inspection_tool>
  <inspection_tool class="UnreachableCodeJS" enabled="false" level="WARNING" enabled_by_default="false" />
</profile>